-- Generated by ChatGPT
-- Insert data into the members table
INSERT INTO `members` (`id`, `first_name`, `last_name`, `active`) VALUES
('M001', 'John', 'Doe', 1),
('M002', 'Jane', 'Smith', 0),
('M003', 'Alice', 'Johnson', 1),
('M004', 'Bob', 'Brown', 0),
('M005', 'Charlie', 'Davis', 1);

-- Insert data into the seasons table
INSERT INTO `seasons` (`id`, `name`, `created`) VALUES
('S001', 'Spring 2024', '2024-03-01'),
('S002', 'Summer 2024', '2024-06-01'),
('S003', 'Fall 2024', '2024-09-01');

-- Insert data into the season_games table for Spring 2024
INSERT INTO `season_games` (`id`, `opponent`, `home`, `mode`, `date`, `season_id`) VALUES
('G001', 'Team Alpha', 1, 'Regular', '2024-03-05', 'S001'),
('G002', 'Team Beta', 0, 'Regular', '2024-03-12', 'S001'),
('G003', 'Team Gamma', 1, 'Regular', '2024-03-19', 'S001'),
('G004', 'Team Delta', 0, 'Regular', '2024-03-26', 'S001'),
('G005', 'Team Epsilon', 1, 'Regular', '2024-04-02', 'S001');

-- Insert data into the season_games table for Summer 2024
INSERT INTO `season_games` (`id`, `opponent`, `home`, `mode`, `date`, `season_id`) VALUES
('G006', 'Team Zeta', 1, 'Regular', '2024-06-05', 'S002'),
('G007', 'Team Eta', 0, 'Regular', '2024-06-12', 'S002'),
('G008', 'Team Theta', 1, 'Regular', '2024-06-19', 'S002'),
('G009', 'Team Iota', 0, 'Regular', '2024-06-26', 'S002'),
('G010', 'Team Kappa', 1, 'Regular', '2024-07-03', 'S002');

-- Insert data into the season_games table for Fall 2024
INSERT INTO `season_games` (`id`, `opponent`, `home`, `mode`, `date`, `season_id`) VALUES
('G011', 'Team Lambda', 1, 'Regular', '2024-09-05', 'S003'),
('G012', 'Team Mu', 0, 'Regular', '2024-09-12', 'S003'),
('G013', 'Team Nu', 1, 'Regular', '2024-09-19', 'S003'),
('G014', 'Team Xi', 0, 'Regular', '2024-09-26', 'S003'),
('G015', 'Team Omicron', 1, 'Regular', '2024-10-03', 'S003');

-- Insert data into the present_members table for the Spring 2024 season games
INSERT INTO `present_members` (`season_game_id`, `member_id`) VALUES
('G001', 'M001'),
('G001', 'M002'),
('G002', 'M002'),
('G002', 'M003'),
('G003', 'M003'),
('G003', 'M004'),
('G003', 'M005'),
('G004', 'M001'),
('G004', 'M004'),
('G005', 'M002'),
('G005', 'M005');

-- Insert data into the present_members table for the Summer 2024 season games
INSERT INTO `present_members` (`season_game_id`, `member_id`) VALUES
('G006', 'M001'),
('G006', 'M003'),
('G007', 'M002'),
('G007', 'M004'),
('G008', 'M003'),
('G008', 'M005'),
('G009', 'M001'),
('G009', 'M005'),
('G010', 'M002'),
('G010', 'M003');

-- Insert data into the present_members table for the Fall 2024 season games
INSERT INTO `present_members` (`season_game_id`, `member_id`) VALUES
('G011', 'M002'),
('G011', 'M004'),
('G012', 'M001'),
('G012', 'M005'),
('G013', 'M003'),
('G013', 'M004'),
('G014', 'M001'),
('G014', 'M002'),
('G014', 'M005'),
('G015', 'M003'),
('G015', 'M004');
